timestamp_utc,event,detail
2026-03-28T07:22:11.852959,SERVER_STARTED,Modular backend server initialized
2026-03-28T07:24:14.242010,QUESTIONS_GENERATED,"session=01273845-5eac-4860-b250-6c2e5cf6c7c0, count=34"
2026-03-28T07:24:25.589078,MONITORING_STARTED,session_id=01273845-5eac-4860-b250-6c2e5cf6c7c0
2026-03-28T07:25:03.511259,ALERT_PARTIAL_FACE,"bbox_w=0.323, edge=True"
2026-03-28T09:35:51.920077,SERVER_STARTED,Modular backend server initialized
2026-03-28T09:38:05.044344,QUESTIONS_GENERATED,"session=5d0a7bdc-2efe-484a-8744-dad534725620, count=10"
2026-03-28T12:25:20.678528,SERVER_STARTED,Modular backend server initialized
2026-03-28T12:28:39.329070,QUESTIONS_GENERATED,"session=908e99a4-4f59-46b8-be60-48e01e9ab434, count=16"
2026-03-28T12:30:53.411638,MONITORING_STARTED,session_id=908e99a4-4f59-46b8-be60-48e01e9ab434
2026-03-28T13:49:10.272842,SERVER_STARTED,Modular backend server initialized
2026-03-28T13:51:13.260847,QUESTIONS_GENERATED,"session=705ae1f8-cf65-4ca6-8256-022029e985a4, count=15"
2026-03-28T13:51:19.768435,MONITORING_STARTED,session_id=705ae1f8-cf65-4ca6-8256-022029e985a4
2026-03-28T14:31:29.006380,SERVER_STARTED,Modular backend server initialized
2026-03-28T14:38:52.005971,SERVER_STARTED,Modular backend server initialized
2026-03-28T14:40:37.001050,QUESTIONS_GENERATED,"session=6f331235-cc5a-4721-a0a0-6924e5e8ce78, count=16"
2026-03-28T14:43:28.261252,MONITORING_STARTED,session_id=6f331235-cc5a-4721-a0a0-6924e5e8ce78
2026-03-28T14:43:32.354567,ALERT_PARTIAL_FACE,"bbox_w=0.380, edge=True"
2026-03-28T14:43:43.368181,ALERT_PARTIAL_FACE,"bbox_w=0.346, edge=True"
2026-03-28T14:44:10.366340,ALERT_NO_FACE,duration=2.0s
2026-03-28T14:44:11.363602,ALERT_PARTIAL_FACE,"bbox_w=0.470, edge=True"
2026-03-28T14:44:32.371676,ALERT_PARTIAL_FACE,"bbox_w=0.388, edge=True"
2026-03-28T14:44:35.372541,ALERT_PARTIAL_FACE,"bbox_w=0.362, edge=True"
2026-03-28T14:44:40.374345,ALERT_PARTIAL_FACE,"bbox_w=0.355, edge=True"
2026-03-28T14:45:01.396487,ALERT_PARTIAL_FACE,"bbox_w=0.341, edge=True"
2026-03-28T14:45:12.397245,ALERT_NO_FACE,duration=2.0s
2026-03-28T14:45:14.376158,ALERT_PARTIAL_FACE,"bbox_w=0.416, edge=True"
2026-03-28T14:45:44.373336,ALERT_PARTIAL_FACE,"bbox_w=0.357, edge=True"
2026-03-28T14:45:50.824723,ALERT_PARTIAL_FACE,"bbox_w=0.340, edge=True"
2026-03-28T14:46:05.360348,ALERT_PARTIAL_FACE,"bbox_w=0.317, edge=True"
2026-03-28T14:46:08.346757,ALERT_PARTIAL_FACE,"bbox_w=0.313, edge=True"
2026-03-28T14:46:11.371401,ALERT_PARTIAL_FACE,"bbox_w=0.314, edge=True"
2026-03-28T14:46:22.389676,ALERT_NO_FACE,duration=2.0s
2026-03-28T15:01:26.676815,SERVER_STARTED,Modular backend server initialized
2026-03-28T15:06:33.296239,QUESTIONS_GENERATED,"session=715c24cf-af78-4cec-b4b0-eadc3a39b613, count=15"
2026-03-28T15:07:29.647879,MONITORING_STARTED,session_id=715c24cf-af78-4cec-b4b0-eadc3a39b613
2026-03-28T15:07:31.707719,ALERT_PARTIAL_FACE,"bbox_w=0.250, edge=True"
2026-03-28T15:07:38.734296,ALERT_PARTIAL_FACE,"bbox_w=0.265, edge=True"
2026-03-28T15:08:20.492897,ALERT_PARTIAL_FACE,"bbox_w=0.262, edge=True"
2026-03-28T15:08:27.699609,ALERT_PARTIAL_FACE,"bbox_w=0.232, edge=True"
2026-03-28T15:08:58.697609,ALERT_PARTIAL_FACE,"bbox_w=0.408, edge=True"
2026-03-28T15:09:00.704793,ALERT_NO_FACE,duration=2.0s
2026-03-28T15:09:01.701736,ALERT_PARTIAL_FACE,"bbox_w=0.465, edge=True"
2026-03-28T15:10:24.701359,ALERT_PARTIAL_FACE,"bbox_w=0.214, edge=False"
2026-04-02T10:06:05.170046,SERVER_STARTED,Modular backend server initialized
2026-04-02T10:09:14.095319,QUESTIONS_GENERATED,"session=555a2b1e-1b08-48a1-9137-35b79960cf53, count=16"
2026-04-02T10:11:38.993862,MONITORING_STARTED,session_id=555a2b1e-1b08-48a1-9137-35b79960cf53
2026-04-02T17:20:10.577771,SERVER_STARTED,Modular backend server initialized
2026-04-02T17:23:34.146902,QUESTIONS_GENERATED,"session=48dc6455-f808-4a50-af68-7920a25dea6d, count=16"
2026-04-02T17:24:10.642425,QUESTIONS_GENERATED,"session=48dc6455-f808-4a50-af68-7920a25dea6d, count=16"
2026-04-02T17:24:27.304819,QUESTIONS_GENERATED,"session=48dc6455-f808-4a50-af68-7920a25dea6d, count=16"
2026-04-02T18:06:02.362053,SERVER_STARTED,Modular backend server initialized
2026-04-02T18:06:29.392152,QUESTIONS_GENERATED,"session=7d4451e7-9e08-4951-9700-5bf6f66b2d8c, count=16"
2026-04-02T18:06:46.176880,MONITORING_STARTED,session_id=7d4451e7-9e08-4951-9700-5bf6f66b2d8c
2026-04-02T18:07:01.224107,ALERT_NO_FACE,duration=2.0s
2026-04-02T18:09:15.231687,ALERT_NO_FACE,duration=2.0s
2026-04-02T18:09:20.258101,ALERT_PARTIAL_FACE,"bbox_w=0.322, edge=True"
2026-04-02T18:09:40.225791,ALERT_PARTIAL_FACE,"bbox_w=0.331, edge=True"
2026-04-02T18:09:46.225350,ALERT_PARTIAL_FACE,"bbox_w=0.336, edge=True"
2026-04-02T18:10:06.234987,ALERT_PARTIAL_FACE,"bbox_w=0.324, edge=True"
2026-04-02T18:10:09.224996,ALERT_PARTIAL_FACE,"bbox_w=0.341, edge=True"
2026-04-02T18:10:17.229087,ALERT_PARTIAL_FACE,"bbox_w=0.335, edge=True"
2026-04-02T18:10:28.249621,ALERT_PARTIAL_FACE,"bbox_w=0.339, edge=True"
2026-04-02T18:10:31.236257,ALERT_PARTIAL_FACE,"bbox_w=0.334, edge=True"
2026-04-02T18:11:02.241935,ALERT_PARTIAL_FACE,"bbox_w=0.324, edge=True"
2026-04-02T18:11:05.251487,ALERT_PARTIAL_FACE,"bbox_w=0.370, edge=True"
2026-04-02T18:11:34.224681,ALERT_PARTIAL_FACE,"bbox_w=0.324, edge=True"
2026-04-02T18:11:43.224565,ALERT_PARTIAL_FACE,"bbox_w=0.320, edge=True"
2026-04-02T18:12:05.227829,ALERT_PARTIAL_FACE,"bbox_w=0.325, edge=True"
2026-04-02T18:12:37.238955,ALERT_PARTIAL_FACE,"bbox_w=0.376, edge=True"
2026-04-02T18:12:46.242011,ALERT_PARTIAL_FACE,"bbox_w=0.348, edge=True"
2026-04-02T18:12:49.238390,ALERT_PARTIAL_FACE,"bbox_w=0.352, edge=True"
2026-04-02T18:12:55.224396,ALERT_PARTIAL_FACE,"bbox_w=0.349, edge=True"
2026-04-02T18:13:12.230280,ALERT_PARTIAL_FACE,"bbox_w=0.373, edge=True"
2026-04-02T18:13:14.220830,ALERT_NO_FACE,duration=2.0s
2026-04-02T18:13:16.260502,ALERT_PARTIAL_FACE,"bbox_w=0.391, edge=True"
2026-04-02T18:13:20.225137,ALERT_NO_FACE,duration=2.0s
2026-04-02T18:13:21.229122,ALERT_PARTIAL_FACE,"bbox_w=0.375, edge=True"
2026-04-02T18:13:34.232201,ALERT_PARTIAL_FACE,"bbox_w=0.334, edge=True"
2026-04-02T18:13:41.230328,ALERT_PARTIAL_FACE,"bbox_w=0.328, edge=True"
2026-04-02T18:14:02.238349,ALERT_PARTIAL_FACE,"bbox_w=0.325, edge=True"
2026-04-02T18:14:30.230178,ALERT_PARTIAL_FACE,"bbox_w=0.330, edge=True"
2026-04-02T18:14:38.231173,ALERT_PARTIAL_FACE,"bbox_w=0.327, edge=True"
2026-04-02T18:14:42.217860,ALERT_PARTIAL_FACE,"bbox_w=0.325, edge=True"
2026-04-02T18:14:46.229885,ALERT_PARTIAL_FACE,"bbox_w=0.328, edge=True"
2026-04-02T18:14:49.271080,ALERT_PARTIAL_FACE,"bbox_w=0.331, edge=True"
2026-04-02T18:15:02.240690,ALERT_PARTIAL_FACE,"bbox_w=0.322, edge=True"
2026-04-02T18:15:11.234107,ALERT_PARTIAL_FACE,"bbox_w=0.331, edge=True"
2026-04-02T18:15:20.239728,ALERT_PARTIAL_FACE,"bbox_w=0.326, edge=True"
2026-04-02T18:15:38.247701,ALERT_PARTIAL_FACE,"bbox_w=0.322, edge=True"
2026-04-02T18:15:57.238221,ALERT_PARTIAL_FACE,"bbox_w=0.320, edge=True"
2026-04-02T18:16:03.684736,ALERT_PARTIAL_FACE,"bbox_w=0.319, edge=True"
2026-04-02T18:16:34.685545,ALERT_PARTIAL_FACE,"bbox_w=0.323, edge=True"
2026-04-02T18:16:43.229825,ALERT_PARTIAL_FACE,"bbox_w=0.318, edge=True"
2026-04-02T18:16:55.679093,ALERT_PARTIAL_FACE,"bbox_w=0.311, edge=True"
2026-04-02T18:17:24.771040,MONITORING_STOPPED,User stopped monitoring
2026-04-02T18:25:10.325581,SERVER_STARTED,Modular backend server initialized
2026-04-02T18:35:51.357477,QUESTIONS_GENERATED,"session=fb847a92-2642-4105-a0cb-1fb9f67364ba, count=16"
2026-04-02T18:35:55.750532,MONITORING_STARTED,session_id=fb847a92-2642-4105-a0cb-1fb9f67364ba
2026-04-02T18:58:16.487110,SERVER_STARTED,Modular backend server initialized
2026-04-02T18:59:04.594740,QUESTIONS_GENERATED,"session=16949bc6-3eaa-4d08-bc94-d72362f07378, count=16"
2026-04-02T18:59:08.241074,MONITORING_STARTED,session_id=16949bc6-3eaa-4d08-bc94-d72362f07378
2026-04-02T19:16:19.150450,SERVER_STARTED,Modular backend server initialized
2026-04-02T19:17:17.673995,QUESTIONS_GENERATED,"session=66e9cb88-f668-4b09-bb3f-33fa24c27757, count=16"
2026-04-02T19:17:28.255446,MONITORING_STARTED,session_id=66e9cb88-f668-4b09-bb3f-33fa24c27757
2026-04-02T19:18:14.316075,ALERT_PARTIAL_FACE,"bbox_w=0.357, edge=True"
2026-04-02T19:19:26.318561,ALERT_PARTIAL_FACE,"bbox_w=0.365, edge=True"
2026-04-02T19:19:36.314657,ALERT_PARTIAL_FACE,"bbox_w=0.366, edge=True"
2026-04-02T19:19:50.318357,ALERT_PARTIAL_FACE,"bbox_w=0.365, edge=True"
2026-04-02T19:19:54.314546,ALERT_PARTIAL_FACE,"bbox_w=0.358, edge=True"
2026-04-02T19:19:59.315551,ALERT_PARTIAL_FACE,"bbox_w=0.356, edge=True"
2026-04-02T19:20:17.677768,ALERT_NO_FACE,duration=2.0s
2026-04-02T19:21:02.685600,ALERT_PARTIAL_FACE,"bbox_w=0.212, edge=False"
